site,plot,plant_date,block,pd,rate,seedlings,canopy_ratio,weed1,weed2,weed3,rye_g,rye_bio,weed_g,weed_bio,sp1,sp2,sp3,soil_n,soil_pH,soil_p
de,101,oct13,1,1,60,37,0.2404,Whitlowgrass,Henbit,Common chickweed,98.4,3936,na,na,na,na,na,na,na,na
de,102,oct13,1,1,120,40,0.2001,Whitlowgrass,Henbit,Jagged chickweed,55.6,2224,na,na,na,na,na,na,na,na
de,103,oct13,1,1,90,53,0.2433,Whitlowgrass,Henbit,Jagged chickweed,79.4,3176,na,na,na,na,na,na,na,na
de,104,oct13,1,1,30,12,0.1755,Whitlowgrass,Henbit,Jagged chickweed,62.6,2504,na,na,na,na,na,na,na,na
de,105,oct13,1,1,10,12,0.1998,Whitlowgrass,Henbit,Mouseear chickweed,51.8,2072,na,na,na,na,na,na,na,na
de,106,oct13,1,1,0,0,0.03,Whitlowgrass,Henbit,Common chickweed,0,0,na,na,na,na,na,na,na,na
de,215,oct13,2,1,0,0,0.0386,Whitlowgrass,Henbit,Annual bluegrass,0,0,na,na,na,na,na,na,na,na
de,216,oct13,2,1,30,15,0.2187,Whitlowgrass,Henbit,Cutleaf evening primrose,78,3120,na,na,na,na,na,na,na,na
de,217,oct13,2,1,10,17,0.1593,Whitlowgrass,Henbit,Jagged chickweed,52,2080,na,na,na,na,na,na,na,na
de,218,oct13,2,1,90,42,0.1868,Whitlowgrass,Henbit,Common chickweed,84.4,3376,na,na,na,na,na,na,na,na
de,219,oct13,2,1,60,43,0.2975,Whitlowgrass,Henbit,Common chickweed,94,3760,na,na,na,na,na,na,na,na
de,220,oct13,2,1,120,38,0.2579,Whitlowgrass,Henbit,Common chickweed,91,3640,na,na,na,na,na,na,na,na
de,315,oct13,3,1,10,13,0.272,Whitlowgrass,Henbit,Annual bluegrass,72.6,2904,na,na,na,na,na,na,na,na
de,316,oct13,3,1,120,64,0.2451,Whitlowgrass,Henbit,Annual bluegrass,77.4,3096,na,na,na,na,na,na,na,na
de,317,oct13,3,1,0,0,0.0321,Whitlowgrass,Henbit,Common chickweed,0,0,na,na,na,na,na,na,na,na
de,318,oct13,3,1,60,29,0.4431,Whitlowgrass,Henbit,Common chickweed,128,5120,na,na,na,na,na,na,na,na
de,319,oct13,3,1,30,13,0.5498,Whitlowgrass,Henbit,Common chickweed,144.6,5784,na,na,na,na,na,na,na,na
de,320,oct13,3,1,90,39,0.5509,Whitlowgrass,Henbit,na,115.8,4632,na,na,na,na,na,na,na,na
de,415,oct13,4,1,120,71,0.2724,Whitlowgrass,Common chickweed,Henbit,103.8,4152,na,na,na,na,na,na,na,na
de,416,oct13,4,1,10,10,0.1539,Whitlowgrass,Common chickweed,Henbit,64,2560,na,na,na,na,na,na,na,na
de,417,oct13,4,1,90,45,0.2751,Whitlowgrass,Common chickweed,Henbit,85.2,3408,na,na,na,na,na,na,na,na
de,418,oct13,4,1,0,0,0.0739,Common chickweed,Whitlowgrass,Henbit,0,0,na,na,na,na,na,na,na,na
de,419,oct13,4,1,30,21,0.4327,Whitlowgrass,Common chickweed,Henbit,138,5520,na,na,na,na,na,na,na,na
de,420,oct13,4,1,60,29,0.2303,Whitlowgrass,Common chickweed,Henbit,70.4,2816,na,na,na,na,na,na,na,na
de,115,nov2,1,2,90,45,0.1863,Whitlowgrass,Henbit,Annual bluegrass,64.2,2568,na,na,na,na,na,na,na,na
de,116,nov2,1,2,0,0,0.0405,Whitlowgrass,Henbit,Cutleaf evening primrose,0,0,na,na,na,na,na,na,na,na
de,117,nov2,1,2,150,81,0.2159,Whitlowgrass,Henbit,Jagged chickweed,64,2560,na,na,na,na,na,na,na,na
de,118,nov2,1,2,60,40,0.2863,Whitlowgrass,Henbit,Jagged chickweed,104,4160,na,na,na,na,na,na,na,na
de,119,nov2,1,2,120,98,0.1974,Whitlowgrass,na,na,70.6,2824,na,na,na,na,na,na,na,na
de,120,nov2,1,2,30,30,0.2641,Whitlowgrass,Henbit,Purslane speedwell,87,3480,na,na,na,na,na,na,na,na
de,121,nov2,1,2,10,4,0.1686,Whitlowgrass,Henbit,na,61.2,2448,na,na,na,na,na,na,na,na
de,201,nov2,2,2,120,61,0.1533,Whitlowgrass,Henbit,na,51.4,2056,na,na,na,na,na,na,na,na
de,202,nov2,2,2,10,10,0.1634,Whitlowgrass,Henbit,Jagged chickweed,67,2680,na,na,na,na,na,na,na,na
de,203,nov2,2,2,0,0,0.0415,Whitlowgrass,Henbit,Jagged chickweed,0,0,na,na,na,na,na,na,na,na
de,204,nov2,2,2,30,22,0.1659,Whitlowgrass,Henbit,Jagged chickweed,44.4,1776,na,na,na,na,na,na,na,na
de,205,nov2,2,2,90,73,0.1852,Whitlowgrass,Henbit,na,71.6,2864,na,na,na,na,na,na,na,na
de,206,nov2,2,2,60,31,0.1624,Whitlowgrass,Henbit,Annual bluegrass,49,1960,na,na,na,na,na,na,na,na
de,207,nov2,2,2,150,81,0.27,Whitlowgrass,Henbit,na,97,3880,na,na,na,na,na,na,na,na
de,301,nov2,3,2,150,111,0.1955,Whitlowgrass,Henbit,Mouseear chickweed,48.8,1952,na,na,na,na,na,na,na,na
de,302,nov2,3,2,30,24,0.2449,Whitlowgrass,Henbit,Mouseear chickweed,68.6,2744,na,na,na,na,na,na,na,na
de,303,nov2,3,2,120,68,0.1819,Whitlowgrass,Henbit,Common chickweed,51.6,2064,na,na,na,na,na,na,na,na
de,304,nov2,3,2,0,0,0.0357,Whitlowgrass,Henbit,na,0,0,na,na,na,na,na,na,na,na
de,305,nov2,3,2,90,48,0.3886,Whitlowgrass,Henbit,na,121.4,4856,na,na,na,na,na,na,na,na
de,306,nov2,3,2,10,7,0.1577,Whitlowgrass,Henbit,na,65.8,2632,na,na,na,na,na,na,na,na
de,307,nov2,3,2,60,26,0.1941,Whitlowgrass,Henbit,na,61,2440,na,na,na,na,na,na,na,na
de,401,nov2,4,2,90,58,0.0935,Whitlowgrass,Henbit,Cutleaf evening primrose,33.2,1328,na,na,na,na,na,na,na,na
de,402,nov2,4,2,10,6,0.0916,Whitlowgrass,Mouseear chickweed,Henbit,35.2,1408,na,na,na,na,na,na,na,na
de,403,nov2,4,2,0,0,0.0344,Whitlowgrass,Common chickweed,Henbit,0,0,na,na,na,na,na,na,na,na
de,404,nov2,4,2,150,86,0.2071,Whitlowgrass,Jagged chickweed,Henbit,76.8,3072,na,na,na,na,na,na,na,na
de,405,nov2,4,2,60,35,0.1541,Whitlowgrass,Henbit,Common chickweed,60.8,2432,na,na,na,na,na,na,na,na
de,406,nov2,4,2,30,12,0.1409,Whitlowgrass,Common chickweed,Henbit,61.4,2456,na,na,na,na,na,na,na,na
de,407,nov2,4,2,120,81,0.1894,Whitlowgrass,na,na,54,2160,na,na,na,na,na,na,na,na
de,108,nov17,1,3,0,0,0.0528,Whitlowgrass,Henbit,Jagged chickweed,0,0,na,na,na,na,na,na,na,na
de,109,nov17,1,3,30,23,0.2193,Whitlowgrass,Henbit,Annual bluegrass,72,2880,na,na,na,na,na,na,na,na
de,110,nov17,1,3,60,40,0.1938,Whitlowgrass,Henbit,Cutleaf evening primrose,50,2000,na,na,na,na,na,na,na,na
de,111,nov17,1,3,120,87,0.2206,Whitlowgrass,Henbit,Jagged chickweed,65.6,2624,na,na,na,na,na,na,na,na
de,112,nov17,1,3,10,5,0.1234,Whitlowgrass,Henbit,Purslane speedwell,50.2,2008,na,na,na,na,na,na,na,na
de,113,nov17,1,3,90,70,0.2648,Whitlowgrass,Henbit,Common chickweed,76.4,3056,na,na,na,na,na,na,na,na
de,114,nov17,1,3,150,70,0.2223,Whitlowgrass,Henbit,Common chickweed,63.2,2528,na,na,na,na,na,na,na,na
de,208,nov17,2,3,150,110,0.2229,Whitlowgrass,Henbit,Common chickweed,42.8,1712,na,na,na,na,na,na,na,na
de,209,nov17,2,3,120,75,0.3171,Whitlowgrass,Henbit,Mouseear chickweed,60.2,2408,na,na,na,na,na,na,na,na
de,210,nov17,2,3,0,0,0.0389,Whitlowgrass,Henbit,Jagged chickweed,0,0,na,na,na,na,na,na,na,na
de,211,nov17,2,3,60,56,0.1663,Whitlowgrass,Henbit,Annual bluegrass,28.4,1136,na,na,na,na,na,na,na,na
de,212,nov17,2,3,90,52,0.2113,Whitlowgrass,Whitlowgrass,Annual bluegrass,39.8,1592,na,na,na,na,na,na,na,na
de,213,nov17,2,3,30,19,0.1835,Henbit,Whitlowgrass,Common chickweed,47.6,1904,na,na,na,na,na,na,na,na
de,214,nov17,2,3,10,9,0.2085,Henbit,Henbit,Dandelion,35.8,1432,na,na,na,na,na,na,na,na
de,308,nov17,3,3,0,0,0.0511,Whitlowgrass,Henbit,Annual bluegrass,0,0,na,na,na,na,na,na,na,na
de,309,nov17,3,3,150,68,0.193,Henbit,Whitlowgrass,Annual bluegrass,60.4,2416,na,na,na,na,na,na,na,na
de,310,nov17,3,3,120,84,0.1931,Whitlowgrass,Henbit,na,68.6,2744,na,na,na,na,na,na,na,na
de,311,nov17,3,3,10,7,0.0868,Whitlowgrass,Henbit,Common chickweed,35,1400,na,na,na,na,na,na,na,na
de,312,nov17,3,3,30,24,0.2573,Whitlowgrass,Henbit,Common chickweed,72.8,2912,na,na,na,na,na,na,na,na
de,313,nov17,3,3,60,33,0.2082,Whitlowgrass,Henbit,na,61.4,2456,na,na,na,na,na,na,na,na
de,314,nov17,3,3,90,41,0.1777,Whitlowgrass,Henbit,na,48.4,1936,na,na,na,na,na,na,na,na
de,408,nov17,4,3,30,21,0.1033,Whitlowgrass,Henbit,Annual bluegrass,24,960,na,na,na,na,na,na,na,na
de,409,nov17,4,3,90,80,0.1852,Whitlowgrass,Henbit,Annual bluegrass,68.2,2728,na,na,na,na,na,na,na,na
de,410,nov17,4,3,150,67,0.1013,Whitlowgrass,Henbit,Common chickweed,27,1080,na,na,na,na,na,na,na,na
de,411,nov17,4,3,10,14,0.1268,Whitlowgrass,Common chickweed,Henbit,24,960,na,na,na,na,na,na,na,na
de,412,nov17,4,3,0,0,0.0268,Whitlowgrass,Common chickweed,Henbit,0,0,na,na,na,na,na,na,na,na
de,413,nov17,4,3,120,73,0.2238,Whitlowgrass,Henbit,Common chickweed,73.4,2936,na,na,na,na,na,na,na,na
de,414,nov17,4,3,60,34,0.1201,Whitlowgrass,Henbit,Common chickweed,32,1280,na,na,na,na,na,na,na,na
ma,101,sep21,1,1,15,11,na,na,na,na,72.9,2916,0,0,na,na,na,13.058,6.62,499
ma,102,sep21,1,1,0,0,na,na,na,na,0,0,28.8,1152,CAPBP,ERICA,STEME,13.058,6.62,499
ma,103,sep21,1,1,60,22,na,na,na,na,91.55,3662,0,0,na,,na,13.058,6.62,499
ma,104,sep21,1,1,90,44,na,na,na,na,234.7,9388,0,0,na,na,na,13.058,6.62,499
ma,105,sep21,1,1,120,52,na,na,na,na,248,9920,0,0,na,na,na,13.058,6.62,499
ma,106,sep21,1,1,30,14,na,na,na,na,342.15,13686,0,0,na,na,na,13.058,6.62,499
ma,211,sep21,2,1,60,22,na,na,na,na,151.8,6072,0,0,na,na,na,13.058,6.62,499
ma,212,sep21,2,1,30,26,na,na,na,na,115.9,4636,0,0,na,na,na,13.058,6.62,499
ma,213,sep21,2,1,90,60,na,na,na,na,127,5080,0,0,na,na,na,13.058,6.62,499
ma,214,sep21,2,1,120,63,na,na,na,na,215,8600,0,0,na,na,na,13.058,6.62,499
ma,215,sep21,2,1,15,12,na,na,na,na,150.05,6002,0,0,na,na,na,13.058,6.62,499
ma,216,sep21,2,1,0,0,na,na,na,na,0,0,42.3,1692,CAPBP,STEME,na,13.058,6.62,499
ma,321,sep21,3,1,0,0,na,na,na,na,0,0,34.65,1386,CAPBP,STEME,na,13.058,6.62,499
ma,322,sep21,3,1,15,7,na,na,na,na,115,4600,0,0,na,na,na,13.058,6.62,499
ma,323,sep21,3,1,120,57,na,na,na,na,142.9,5716,0,0,na,na,na,13.058,6.62,499
ma,324,sep21,3,1,90,44,na,na,na,na,189.55,7582,0,0,na,na,na,13.058,6.62,499
ma,325,sep21,3,1,30,9,na,na,na,na,13.05,522,0,0,na,na,na,13.058,6.62,499
ma,326,sep21,3,1,60,26,na,na,na,na,258,10320,0,0,na,na,na,13.058,6.62,499
ma,121,oct6,1,2,90,92,na,na,na,na,60.7,2428,0,0,na,na,na,7.9085,6.8,478
ma,122,oct6,1,2,120,72,na,na,na,na,60,2400,0,0,na,na,na,7.9085,6.8,478
ma,123,oct6,1,2,15,9,na,na,na,na,81.45,3258,0,0,na,na,na,7.9085,6.8,478
ma,124,oct6,1,2,0,0,na,na,na,na,0,0,34.75,1390,CHEAL,CAPBP,STEME,7.9085,6.8,478
ma,125,oct6,1,2,30,24,na,na,na,na,179.4,7176,0,0,na,na,na,7.9085,6.8,478
ma,126,oct6,1,2,60,40,na,na,na,na,182.8,7312,0,0,na,na,na,7.9085,6.8,478
ma,201,oct6,2,2,15,25,na,na,na,na,122,4880,0,0,na,na,na,7.9085,6.8,478
ma,202,oct6,2,2,60,35,na,na,na,na,117.05,4682,0,0,na,na,na,7.9085,6.8,478
ma,203,oct6,2,2,120,104,na,na,na,na,113.1,4524,0,0,na,na,na,7.9085,6.8,478
ma,204,oct6,2,2,90,85,na,na,na,na,213.75,8550,0,0,na,na,na,7.9085,6.8,478
ma,205,oct6,2,2,30,27,na,na,na,na,133.55,5342,0,0,na,na,na,7.9085,6.8,478
ma,206,oct6,2,2,0,0,na,na,na,na,0,0,11.75,470,CHEAL,CAPBP,STEME,7.9085,6.8,478
ma,311,oct6,3,2,15,15,na,na,na,na,120.75,4830,0,0,na,na,na,7.9085,6.8,478
ma,312,oct6,3,2,60,52,na,na,na,na,139.05,5562,0,0,na,na,na,7.9085,6.8,478
ma,313,oct6,3,2,90,76,na,na,na,na,163.85,6554,0,0,na,na,na,7.9085,6.8,478
ma,314,oct6,3,2,120,119,na,na,na,na,168.1,6724,0,0,na,na,na,7.9085,6.8,478
ma,315,oct6,3,2,0,0,na,na,na,na,0,0,26.9,1076,CAPBP,CHEAL,STEME,7.9085,6.8,478
ma,316,oct6,3,2,30,20,na,na,na,na,135.4,5416,0,0,na,na,na,7.9085,6.8,478
ma,111,nov1,1,3,30,23,na,na,na,na,24.5,980,0,0,na,na,na,6.256,6.77,489
ma,112,nov1,1,3,0,0,na,na,na,na,0,0,14.8,592,CHEAL,STEME,CAPBP,6.256,6.77,489
ma,113,nov1,1,3,90,97,na,na,na,na,64.05,2562,0,0,na,na,na,6.256,6.77,489
ma,114,nov1,1,3,120,109,na,na,na,na,129.05,5162,0,0,na,na,na,6.256,6.77,489
ma,115,nov1,1,3,15,8,na,na,na,na,44.25,1770,0,0,na,na,na,6.256,6.77,489
ma,116,nov1,1,3,60,38,na,na,na,na,79.95,3198,0,0,na,na,na,6.256,6.77,489
ma,221,nov1,2,3,60,40,na,na,na,na,66.95,2678,0,0,na,na,na,6.256,6.77,489
ma,222,nov1,2,3,90,104,na,na,na,na,100.5,4020,0,0,na,na,na,6.256,6.77,489
ma,223,nov1,2,3,120,30,na,na,na,na,90.05,3602,0,0,na,na,na,6.256,6.77,489
ma,224,nov1,2,3,0,0,na,na,na,na,0,0,21.4,856,CHEAL,STEME,LOLMU,6.256,6.77,489
ma,225,nov1,2,3,30,15,na,na,na,na,67.95,2718,0,0,na,na,na,6.256,6.77,489
ma,226,nov1,2,3,15,6,na,na,na,na,46.45,1858,0,0,na,na,na,6.256,6.77,489
ma,301,nov1,3,3,90,40,na,na,na,na,70.8,2832,0,0,na,na,na,6.256,6.77,489
ma,302,nov1,3,3,0,0,na,na,na,na,0,0,13.7,548,CHEAL,STEME,LOLMU,6.256,6.77,489
ma,303,nov1,3,3,120,80,na,na,na,na,99.4,3976,0,0,na,na,na,6.256,6.77,489
ma,304,nov1,3,3,60,36,na,na,na,na,82.9,3316,0,0,na,na,na,6.256,6.77,489
ma,305,nov1,3,3,30,21,na,na,na,na,57.8,2312,0,0,na,na,na,6.256,6.77,489
ma,306,nov1,3,3,15,6,na,na,na,na,56.3,2252,0,0,na,na,na,6.256,6.77,489
md,101,oct10,1,1,0,0,0.6496,speedwell,LAMAM,VICVI,0,0,107.3,4292,VICVI,CAPBP,dock,13.901,6.58,63
md,102,oct10,1,1,15,13,0.6904,LAMAM,VICVI,STEME,154.6,6184,55.1,2204,VICVI,ANTCO,na,13.901,6.58,63
md,103,oct10,1,1,30,21,0.8318,LAMAM,STEME,VICVI,278.1,11124,24,960,VICVI,VIOAR,na,13.901,6.58,63
md,104,oct10,1,1,60,39,0.7392,speedwell,LAMAM,VICVI,186.5,7460,20.8,832,VICVI,ANTCO,VIOAR,13.901,6.58,63
md,105,oct10,1,1,90,55,0.6423,speedwell,LAMAM,VICVI,176.4,7056,13.1,524,VICVI,ANTCO,dock,13.901,6.58,63
md,106,oct10,1,1,120,74,0.473,VIOAR,speedwell,LAMAM,151.6,6064,34.9,1396,VICVI,ANTCO,VIOAR,13.901,6.58,63
md,213,oct10,2,1,30,18,0.5048,LAMAM,STEME,unknown,112.3,4492,20.5,820,VICVI,STEME,CARHI,13.901,6.58,63
md,214,oct10,2,1,90,72,0.6674,STEME,speedwell,LAMAM,244.3,9772,1.47,58.8,STEME,speedwell,CAPBP,13.901,6.58,63
md,215,oct10,2,1,0,0,0.5198,STEME,LAMAM,speedwell,0,0,74.9,2996,CAPBP,THLAR,STEME,13.901,6.58,63
md,216,oct10,2,1,60,38,0.6801,STEME,LAMAM,na,235.4,9416,0.57,22.8,STEME,CARHI,na,13.901,6.58,63
md,217,oct10,2,1,15,9,0.3672,LAMAM,STEME,unknown,47.4,1896,14.3,572,CAPBP,STEME,ANTCO,13.901,6.58,63
md,218,oct10,3,1,120,59,0.4779,STEME,na,na,135.5,5420,0.87,34.8,STEME,unknown,na,13.901,6.58,63
md,307,oct10,3,1,120,68,0.9184,LAMAM,STEME,LAMPU,288.8,11552,6,240,VICVI,na,na,13.901,6.58,63
md,308,oct10,3,1,0,0,0.6107,LAMAM,LAMPU,STEME,0,0,113.1,4524,VICVI,CAPBP,THLAR,13.901,6.58,63
md,309,oct10,3,1,60,41,0.6817,LAMAM,STEME,speedwell,194.7,7788,11.1,444,VICVI,STEME,VIOAR,13.901,6.58,63
md,310,oct10,3,1,90,55,0.7064,speedwell,LAMPU,STEME,190.9,7636,2.27,90.8,VICVI,speedwell,STEME,13.901,6.58,63
md,311,oct10,3,1,15,8,0.7912,speedwell,LAMAM,STEME,144.4,5776,30.6,1224,VICVI,CAPBP,speedwell,13.901,6.58,63
md,312,oct10,3,1,30,23,0.8935,speedwell,STEME,VICVI,250.2,10008,42,1680,VICVI,VIOAR,STEME,13.901,6.58,63
md,107,oct21,1,2,0,0,0.4563,LAMAM,speedwell,CAPBP,0,0,58.4,2336,CAPBP,VICVI,VIOAR,25.0335,6.53,56
md,108,oct21,1,2,120,113,0.7565,VICVI,speedwell,LAMAM,170.8,6832,26.2,1048,VICVI,speedwell,VIOAR,25.0335,6.53,56
md,109,oct21,1,2,60,57,0.6996,VICVI,LAMAM,speedwell,124.1,4964,16.8,672,VICVI,speedwell,VIOAR,25.0335,6.53,56
md,110,oct21,1,2,90,93,0.8327,VICVI,LAMAM,STEME,163.7,6548,23.5,940,VICVI,ANTCO,VIOAR,25.0335,6.53,56
md,111,oct21,1,2,15,16,0.8019,LAMAM,speedwell,STEME,154.8,6192,16.4,656,VICVI,VIOAR,speedwell,25.0335,6.53,56
md,112,oct21,1,2,30,30,0.8105,speedwell,LAMAM,VICVI,177.1,7084,43.9,1756,VICVI,ANTCO,STEME,25.0335,6.53,56
md,201,oct21,2,2,60,51,0.8867,unknown,STEME,na,281.2,11248,4.87,194.8,STEME,CARHI,na,25.0335,6.53,56
md,202,oct21,2,2,15,17,0.7381,LAMAM,unknown,speedwell,280.7,11228,6.17,246.8,CAPBP,STEME,THLAR,25.0335,6.53,56
md,203,oct21,2,2,0,0,0.4238,LAMAM,unknown,speedwell,0,0,60.3,2412,CAPBP,THLAR,STEME,25.0335,6.53,56
md,204,oct21,2,2,120,107,0.8438,LAMAM,speedwell,STEME,266.5,10660,3.47,138.8,STEME,speedwell,CARHI,25.0335,6.53,56
md,205,oct21,2,2,90,90,0.8545,STEME,LAMAM,unknown,268.5,10740,1.47,58.8,STEME,THLAR,CARHI,25.0335,6.53,56
md,206,oct21,2,2,30,28,0.6732,LAMAM,unknown,STEME,333.3,13332,6.37,254.8,STEME,CARHI,THLAR,25.0335,6.53,56
md,313,oct21,3,2,90,76,0.796,speedwell,LAMAM,unknown 2,158.5,6340,29.1,1164,VICVI,STEME,POATR,25.0335,6.53,56
md,314,oct21,3,2,60,47,0.9088,speedwell,LAMAM,STEME,205.2,8208,6.17,246.8,VICVI,POATR,STEME,25.0335,6.53,56
md,315,oct21,3,2,30,20,0.7972,speedwell,LAMAM,STEME,246.9,9876,16.27,650.8,VICVI,CAPBP,POATR,25.0335,6.53,56
md,316,oct21,3,2,0,0,0.4938,unknown 2,speedwell,THLAR,0,0,88.8,3552,CAPBP,THLAR,VICVI,25.0335,6.53,56
md,317,oct21,3,2,120,89,0.7305,speedwell,unknown,THLAR,181,7240,11.77,470.8,CAPBP,STEME,POATR,25.0335,6.53,56
md,318,oct21,3,2,15,8,0.512,speedwell,unknown 2,unknown 1,140,5600,29,1160,CAPBP,THLAR,speedwell,25.0335,6.53,56
md,113,nov10,1,3,15,7,0.3125,LAMAM,speedwell,na,125.5,5020,34.1,1364,CAPBP,speedwell,VIOAR,10.971,6.91,76
md,114,nov10,1,3,30,11,0.4917,speedwell,LAMAM,na,104.2,4168,44.9,1796,VICVI,speedwell,na,10.971,6.91,76
md,115,nov10,1,3,0,0,0.3432,LAMAM,speedwell,unknown,0,0,66.9,2676,VICVI,CAPBP,speedwell,10.971,6.91,76
md,116,nov10,1,3,120,61,0.5848,LAMAM,speedwell,unknown,146.5,5860,16.9,676,VICVI,speedwell,VIOAR,10.971,6.91,76
md,117,nov10,1,3,90,42,0.6049,LAMAM,speedwell,na,142.6,5704,34.4,1376,VICVI,speedwell,VIOAR,10.971,6.91,76
md,118,nov10,1,3,60,29,0.4992,LAMAM,VICVI,VIOAR,111.4,4456,58.3,2332,VICVI,ANTCO,VIOAR,10.971,6.91,76
md,207,nov10,2,3,0,0,0.1377,LAMAM,unknown,na,0,0,25.2,1008,LAMAM,CAPBP,STEME,10.971,6.91,76
md,208,nov10,2,3,30,3,0.2648,LAMAM,speedwell,STEME,83.8,3352,13.1,524,speedwell,STEME,CAPBP,10.971,6.91,76
md,209,nov10,2,3,90,12,0.3526,LAMAM,unknown,na,156.4,6256,2.7,108,STEME,CAPBP,speedwell,10.971,6.91,76
md,210,nov10,2,3,120,48,0.5402,LAMAM,unknown,speedwell,269.1,10764,2.2,88,CAPBP,THLAR,speedwell,10.971,6.91,76
md,211,nov10,2,3,15,0,0.1937,LAMAM,unknown,STEME,130.8,5232,6.3,252,STEME,LAMAM,THLAR,10.971,6.91,76
md,212,nov10,2,3,60,14,0.2093,LAMAM,speedwell,unknown,158.7,6348,12,480,STEME,THLAR,speedwell,10.971,6.91,76
md,301,nov10,3,3,30,22,0.4659,LAMAM,LAMPU,speedwell,43,1720,44.9,1796,VICVI,VIOAR,STEME,10.971,6.91,76
md,302,nov10,3,3,15,0,0.5491,LAMAM,LAMPU,THLAR,67.5,2700,35.3,1412,VICVI,CAPBP,STEME,10.971,6.91,76
md,303,nov10,3,3,120,28,0.6723,LAMAM,VICVI,STEME,73.9,2956,73,2920,VICVI,na,na,10.971,6.91,76
md,304,nov10,3,3,90,29,0.639,LAMAM,speedwell,STEME,97.7,3908,83.3,3332,VICVI,CAPBP,na,10.971,6.91,76
md,305,nov10,3,3,0,0,0.6424,speedwell,STEME,LAMPU,0,0,148.9,5956,VICVI,THLAR,CAPBP,10.971,6.91,76
md,306,nov10,3,3,60,22,0.5886,LAMAM,speedwell,STEME,62.7,2508,29.3,1172,VICVI,CAPBP,speedwell,10.971,6.91,76
ny,1.2,sep30 ,1,1,120,89,0.7059,-,na,na,205.2,8208,7,280,grass,bedstraw,oxalis,48.324,5.16,39
ny,1.6,sep30 ,2,1,120,59,0.6159,grass 1 ,LOTCO,na,150.6,6024,13.1,524,grass,LOTCO,na,48.324,5.16,39
ny,1.8,sep30 ,3,1,0,0,0.1379,MELAL,CIRAR,grass,0,0,77.2,3088,MELAL,grass,CIRAR,48.324,5.16,39
ny,2.2,sep30 ,1,1,90,48,0.601,grass 1 ,grass 2,na,134.5,5380,26.9,1076,orchard grass,fescue,ragweed,48.324,5.16,39
ny,2.6,sep30 ,2,1,60,26,0.5087,TRFRE,grass,na,131.5,5260,20.4,816,TRFRE,bedstraw,grass,48.324,5.16,39
ny,2.8,sep30 ,3,1,90,57,0.7306,TAROF,na,na,143.5,5740,20.2,808,TAROF,CIRAR,bedstraw,48.324,5.16,39
ny,3.2,sep30 ,1,1,15,6,0.2292,TAROF,chamomile,na,49.5,1980,14,560,grass 1,TAROF,DAUCA,48.324,5.16,39
ny,3.6,sep30 ,2,1,90,36,0.5567,TAROF,grass,bedstraw,167.2,6688,9.3,372,grass,bedstraw,TAROF,48.324,5.16,39
ny,3.8,sep30 ,3,1,30,33,0.5812,TAROF,golden rod,na,139.5,5580,14.3,572,goldenrod,bedstraw,TAROF,48.324,5.16,39
ny,4.2,sep30 ,1,1,0,0,0.0499,CIRAR,grass,na,0,0,37.8,1512,grass 1,CIRAR,TAROF,48.324,5.16,39
ny,4.6,sep30 ,2,1,15,21,0.432,DAUCA,TAROF,grass,76.7,3068,30.7,1228,grass,aster,DAUCA,48.324,5.16,39
ny,4.8,sep30 ,3,1,120,83,0.6276,grass,na,na,166.3,6652,6.3,252,grass,bedstraw,na,48.324,5.16,39
ny,5.2,sep30 ,1,1,60,9,0.0898,grass,chamomile,na,38.8,1552,10.6,424,grass,chamomile,na,48.324,5.16,39
ny,5.6,sep30 ,2,1,30,22,0.4872,grass 1 ,TAROF,na,146.3,5852,14.1,564,bedstraw,strawberries,plantain,48.324,5.16,39
ny,5.8,sep30 ,3,1,60,36,0.6154,TAROF,chamomile,dock,118.3,4732,24.4,976,TAROF,dock,chamomile,48.324,5.16,39
ny,6.2,sep30 ,1,1,30,18,0.5805,grass 1 ,na,na,150.6,6024,**,#VALUE!,na,na,na,48.324,5.16,39
ny,6.6,sep30 ,2,1,0,0,0.0844,grass 1 ,TAROF,chamomile?,0,0,35.9,1436,grass 1,grass 2,CIRAR,48.324,5.16,39
ny,6.8,sep30 ,3,1,15,8,0.3815,grass,VIOAR?,na,88.7,3548,8.1,324,VIOAR?,grass,bedstraw,48.324,5.16,39
ny,1.3,oct21,1,2,90,74,0.3613,dock,chamomile,na,103.1,4124,5.6,224,DAUCA,TAROF,grass 1,28.6895,5.38,37
ny,1.5,oct21,2,2,120,76,0.2798,grass 1 ,na,na,80.7,3228,6,240,grass,ragweed,na,28.6895,5.38,37
ny,1.7,oct21,3,2,30,30,0.2486,grass,na,na,90,3600,7.5,300,grass,na,na,28.6895,5.38,37
ny,2.3,oct21,1,2,15,14,0.2453,golden rod,grass,na,86.2,3448,8.4,336,grass,GLEHE,na,28.6895,5.38,37
ny,2.5,oct21,2,2,60,52,0.2635,-,na,na,83.5,3340,4.9,196,TRFRE,CIRAR,grass,28.6895,5.38,37
ny,2.7,oct21,3,2,60,54,0.2693,CIRAR,grass,na,77.3,3092,4.8,192,CIRAR,grass,na,28.6895,5.38,37
ny,3.3,oct21,1,2,0,0,0.019,grass 1 ,TAROF,na,0,0,16.8,672,grass 1,TAROF,DAUCA,28.6895,5.38,37
ny,3.5,oct21,2,2,15,15,0.1718,TAROF,na,na,68.9,2756,5,200,chamomile,bedstraw,na,28.6895,5.38,37
ny,3.7,oct21,3,2,120,108,0.3963,grass 1 ,TAROF,na,115,4600,6.7,268,TAROF,na,na,28.6895,5.38,37
ny,4.3,oct21,1,2,120,86,0.3872,TAROF,grass,na,122.6,4904,8.5,340,TAROF,na,na,28.6895,5.38,37
ny,4.5,oct21,2,2,90,80,0.2506,TAROF,grass,na,99.3,3972,4.6,184,na,na,na,28.6895,5.38,37
ny,4.7,oct21,3,2,0,0,0.0157,grass,golden rod,na,0,0,11.5,460,grass goldenrod,CHEAL,na,28.6895,5.38,37
ny,5.3,oct21,1,2,60,41,0.2664,grass 1 ,na,na,93.2,3728,4.8,192,grass,na,na,28.6895,5.38,37
ny,5.5,oct21,2,2,30,22,0.2217,grass,na,na,82,3280,7.5,300,grass,na,na,28.6895,5.38,37
ny,5.7,oct21,3,2,15,13,0.0927,grass 1 ,na,na,44.7,1788,5.4,216,grass,bedstraw,clover,28.6895,5.38,37
ny,6.3,oct21,1,2,30,27,0.2863,grass,na,na,111.8,4472,**,#VALUE!,na,na,na,28.6895,5.38,37
ny,6.5,oct21,2,2,0,0,0.0004,-,na,na,0,0,5.9,236,grass,CHEAL,bedstraw,28.6895,5.38,37
ny,6.7,oct21,3,2,90,97,0.4779,grass,TAROF,na,140.1,5604,7,280,TAROF,grass,na,28.6895,5.38,37
ny,1.1,nov4,1,3,60,13,0.2733,grass 1 ,grass 2,na,73.3,2932,0,0,grass,CHEAL,na,31.193,5.26,48
ny,1.4,nov4,2,3,120,5,0.1514,grass,CIRAR,na,44.6,1784,12.7,508,grass,CIRAR,TAROF,31.193,5.26,48
ny,1.9,nov4,3,3,120,12,0.2229,CIRAR,na,na,72.2,2888,7.7,308,CIRAR,aster,na,31.193,5.26,48
ny,2.1,nov4,1,3,15,6,0.1362,grass,baby broadleaves,na,38.7,1548,15.5,620,grass,ragweed,clover,31.193,5.26,48
ny,2.4,nov4,2,3,30,1,0.1113,grass 1 ,na,na,47.9,1916,16.6,664,timothy grass,grass,na,31.193,5.26,48
ny,2.9,nov4,3,3,60,7,0.2933,TAROF,golden rod,na,77.4,3096,15.6,624,TAROF,goldenrod,bedstraw,31.193,5.26,48
ny,3.1,nov4,1,3,30,2,0.2289,grass,broadleaf,na,89.3,3572,9.2,368,grass,ragweed,bedstraw,31.193,5.26,48
ny,3.4,nov4,2,3,15,4,0.1444,bedstraw,TAROF,DAUCA,26.6,1064,24,960,bedstraw,TAROF,DAUCA,31.193,5.26,48
ny,3.9,nov4,3,3,15,3,0.1897,grass ,TAROF,na,52.9,2116,14.8,592,TAROF,grass,na,31.193,5.26,48
ny,4.1,nov4,1,3,90,16,0.372,CIRAR,grass,na,97.2,3888,21.3,852,grass 1,grass 2,aster,31.193,5.26,48
ny,4.4,nov4,2,3,90,8,0.1752,TAROF,forget-me-not,na,45.8,1832,17.2,688,TAROF,aster,na,31.193,5.26,48
ny,4.9,nov4,3,3,30,3,0.1417,TAROF,golden rod,grass,46,1840,11.7,468,golden rod,TAROF,grass,31.193,5.26,48
ny,5.1,nov4,1,3,120,6,0.1287,TAROF,grass,na,68.4,2736,7.5,300,grass,TAROF,bedstraw,31.193,5.26,48
ny,5.4,nov4,2,3,60,10,0.3232,BARVU,TAROF,grass,35.9,1436,na,na,na,na,na,31.193,5.26,48
ny,5.9,nov4,3,3,0,2,0.0454,golden rod,TAROF,grass,0,0,22.1,884,grass 1,grass 2,goldenrod,31.193,5.26,48
ny,6.1,nov4,1,3,0,2,0.0327,TAROF,grass,aster,0,0,19.3,772,grass ,aster,TAROF,31.193,5.26,48
ny,6.4,nov4,2,3,0,0,0.006,daisy,grass,na,0,0,12.8,512,daisy,grass,na,31.193,5.26,48
ny,6.9,nov4,3,3,90,14,0.3232,golden rod,na,na,70.5,2820,18.1,724,goldenrod,grass,TAROF,31.193,5.26,48
pa,113,oct7,1,1,90,77,0.358,THLAR,na,na,139.2,5568,1.683,67.32,LEPCA,VIOAR,VERAR,12.8875,5.74,20
pa,114,oct7,1,1,120,125,0.2899,THLAR,na,na,118.5,4740,0.911,36.44,LEPCA,VERAR,STEME,12.8875,5.74,20
pa,115,oct7,1,1,60,39,0.3756,THLAR,VERAR,CERVU,137.9,5516,1.935,77.4,LEPCA,CCTLA,VERAR,12.8875,5.74,20
pa,116,oct7,1,1,0,0,0.03,THLAR,CARHI,na,0,0,14,560,LEPCA,VIOAR,CERVU,12.8875,5.74,20
pa,117,oct7,1,1,15,14,0.0569,THLAR,VERAR,CERVU,48.7,1948,11.4,456,LEPCA,CERVU,SETFA,12.8875,5.74,20
pa,118,oct7,1,1,30,53,0.2784,THLAR,CARHI,VIOAR,149.8,5992,0.728,29.12,VIOAR,LEPCA,CERVU,12.8875,5.74,20
pa,207,oct7,2,1,30,36,0.0721,THLAR,VIOAR,CERVU,79.8,3192,6.6,264,LEPCA,CERVU,VIOAR,12.8875,5.74,20
pa,208,oct7,2,1,15,20,0.0235,THLAR,VIOAR,ERPVE,53.3,2132,6.8,272,LEPCA,VIOAR,CERVU,12.8875,5.74,20
pa,209,oct7,2,1,60,70,0.5103,THLAR,VERAR,CARHI,168.4,6736,0.015,0.6,CERVU,SETFA,na,12.8875,5.74,20
pa,210,oct7,2,1,120,78,0.3969,THLAR,na,na,179.7,7188,0.027,1.08,VIOAR,SETFA,na,12.8875,5.74,20
pa,211,oct7,2,1,90,74,0.4843,THLAR,CERVU,CARHI,178.4,7136,4.8,192,LEPCA,VIOAR,SETFA,12.8875,5.74,20
pa,212,oct7,2,1,0,0,0.0115,THLAR,VIOAR,CARHI,0,0,10.6,424,VIOAR,LEPCA,ERICA,12.8875,5.74,20
pa,307,oct7,3,1,15,20,0.1244,THLAR,CARHI,na,55.6,2224,13.1,524,VIOAR,LEPCA,GERPU,12.8875,5.74,20
pa,308,oct7,3,1,0,0,0.0744,THLAR,CARHI,na,0,0,21,840,LEPCA,VIOAR,SETFA,12.8875,5.74,20
pa,309,oct7,3,1,90,56,0.3316,THLAR,CERVU,na,131.4,5256,3.1,124,VIOAR,CERVU,VERAR,12.8875,5.74,20
pa,310,oct7,3,1,30,16,0.1491,THLAR,na,na,114.5,4580,0.148,5.92,VERAR,VIOAR,SETFA,12.8875,5.74,20
pa,311,oct7,3,1,60,52,0.2866,THLAR,VIOAR,GERPU,95.3,3812,11.8,472,GERPU,CERVU,VIOAR,12.8875,5.74,20
pa,312,oct7,3,1,120,100,0.351,CARHI,na,na,161.8,6472,0.07,2.8,VIOAR,na,na,12.8875,5.74,20
pa,101,oct22,1,2,0,0,0.0156,THLAR,CERVU,na,0,0,7.8,312,LEPCA,SETFA,VIOAR,19.774,5.51,21
pa,102,oct22,1,2,30,48,0.1075,THLAR,na,na,85.6,3424,0.237,9.48,LEPCA,CERVU,na,19.774,5.51,21
pa,103,oct22,1,2,90,82,0.4798,THLAR,VERAR,na,150.1,6004,0.786,31.44,LEPCA,VERAR,na,19.774,5.51,21
pa,104,oct22,1,2,15,26,0.093,THLAR,na,na,101,4040,1.182,47.28,LEPCA,CCTLA,VIOAR,19.774,5.51,21
pa,105,oct22,1,2,60,48,0.2925,THLAR,CARHI,na,125.8,5032,0.883,35.32,LEPCA,CARHI,na,19.774,5.51,21
pa,106,oct22,1,2,120,146,0.3266,CERVU,na,na,158,6320,0,0,CARHI,SETFA,na,19.774,5.51,21
pa,213,oct22,2,2,15,11,0.041,THLAR,CERVU,CARHI,77.3,3092,3.7,148,VIOAR,SETFA,LEPCA,19.774,5.51,21
pa,214,oct22,2,2,60,52,0.1332,na,na,na,70.8,2832,0.108,4.32,SETFA,VIOAR,na,19.774,5.51,21
pa,215,oct22,2,2,120,86,0.3994,THLAR,CARHI,CERVU,151.8,6072,0.089,3.56,LEPCA,CERVU,VIOAR,19.774,5.51,21
pa,216,oct22,2,2,90,128,0.2112,na,na,na,100.6,4024,0.07,2.8,VIOAR,VERAR,na,19.774,5.51,21
pa,217,oct22,2,2,30,27,0.2353,CARHI,VERAR,na,137.1,5484,0.598,23.92,CERVU,VERAR,na,19.774,5.51,21
pa,218,oct22,2,2,0,0,0.0018,CERVU,na,na,0,0,2.7,108,CERVU,SETFA,VIOAR,19.774,5.51,21
pa,313,oct22,3,2,120,110,0.3227,THLAR,CARHI,CERVU,161.9,6476,0.631,25.24,VIOAR,CERVU,VERAR,19.774,5.51,21
pa,314,oct22,3,2,60,73,0.1749,VIOAR,na,na,95.1,3804,0.081,3.24,VIOAR,SETFA,na,19.774,5.51,21
pa,315,oct22,3,2,30,25,0.1605,THLAR,CERVU,na,132.4,5296,1.198,47.92,VIOAR,CERVU,LEPCA,19.774,5.51,21
pa,316,oct22,3,2,90,48,0.0954,VERAR,na,na,89.4,3576,0,0,SETFA,VIOAR,na,19.774,5.51,21
pa,317,oct22,3,2,15,10,0.0385,THLAR,CARHI,na,65.3,2612,0.67,26.8,VIOAR,LEPCA,CERVU,19.774,5.51,21
pa,318,oct22,3,2,0,0,0,na,na,na,0,0,1.6,64,SETFA,VIOAR,CERVU,19.774,5.51,21
pa,107,nov11,1,3,120,58,0.1096,na,na,na,82.8,3312,0.008,0.32,SETFA,VIOAR,na,8.8115,5.44,25
pa,108,nov11,1,3,0,0,0.0074,THLAR,na,na,0,0,10.4,416,SETFA,VIOAR,VERAR,8.8115,5.44,25
pa,109,nov11,1,3,30,31,0.0669,na,na,na,85.8,3432,0,0,VERPG,SETFA,na,8.8115,5.44,25
pa,110,nov11,1,3,60,26,0.0377,na,na,na,76.3,3052,0.18,7.2,SETFA,VERAR,VIOAR,8.8115,5.44,25
pa,111,nov11,1,3,90,87,0.2333,na,na,na,87.4,3496,0.036,1.44,VERAR,SETFA,na,8.8115,5.44,25
pa,112,nov11,1,3,15,15,0.0225,na,na,na,68.3,2732,0.209,8.36,VIOAR,VERAR,SETFA,8.8115,5.44,25
pa,201,nov11,2,3,90,8,0.0618,THLAR,VERAR,CERVU,68.3,2732,0.809,32.36,LEPCA,CERVU,na,8.8115,5.44,25
pa,202,nov11,2,3,15,7,0.0144,na,na,na,40.8,1632,0.032,1.28,SETFA,na,na,8.8115,5.44,25
pa,203,nov11,2,3,30,18,0.026,THLAR,na,na,65.2,2608,0.012,0.48,CERVU,na,na,8.8115,5.44,25
pa,204,nov11,2,3,120,84,0.2,CARHI,CERVU,na,99.1,3964,0.403,16.12,LEPCA,SETFA,CERVU,8.8115,5.44,25
pa,205,nov11,2,3,0,0,0.0064,THLAR,CARHI,na,0,0,5,200,SETFA,VERAR,LEPCA,8.8115,5.44,25
pa,206,nov11,2,3,60,29,0.0625,VERSE,na,na,92.8,3712,0.294,11.76,VERAR,na,na,8.8115,5.44,25
pa,301,nov11,3,3,0,0,0.0011,CARHI,VIOAR,na,0,0,3.9,156,SETFA,VIOAR,CERVU,8.8115,5.44,25
pa,302,nov11,3,3,90,32,0.0267,na,na,na,42.8,1712,0.559,22.36,VERAR,SETFA,na,8.8115,5.44,25
pa,303,nov11,3,3,30,8,0.0217,VIOAR,VERSE,na,53.5,2140,0.198,7.92,VIOAR,SETFA,na,8.8115,5.44,25
pa,304,nov11,3,3,60,29,0.0457,na,na,na,78,3120,0,0,SETFA,na,na,8.8115,5.44,25
pa,305,nov11,3,3,15,18,0.0219,CARHI,VIOAR,na,68.2,2728,1.7,68,VIOAR,SETFA,GERPU,8.8115,5.44,25
pa,306,nov11,3,3,120,93,0.1424,VERAR,VIOAR,na,112.6,4504,0.527,21.08,VIOAR,VERAR,SETFA,8.8115,5.44,25
vt,101,sep20,1,1,30,19,0.3883,STEME,brassica,na,140.81,5632.404544,9.84,393.6,STEME,CIRVU,na,17.9205,6.94,48
vt,102,sep20,1,1,120,94,0.6058,na,na,na,237.84,9513.74308,3.99,159.6,MELAL,na,na,17.9205,6.94,48
vt,103,sep20,1,1,60,47,0.522,STEME,TAROF,na,187.82,7512.8758,4.52,180.8,MELAL,STEME,na,17.9205,6.94,48
vt,104,sep20,1,1,0,0,0.0844,STEME,brassica,CERVU,0,0,54.88,2195.2,soapwort,PLAMA,STEME,17.9205,6.94,48
vt,105,sep20,1,1,15,12,0.3147,STEME,PLALA,na,126.05,5041.890704,13.71,548.4,STEME,na,na,17.9205,6.94,48
vt,106,sep20,1,1,90,71,0.5714,PLALA,na,na,168.57,6742.996452,3.62,144.8,TRFPR,STEME,na,17.9205,6.94,48
vt,201,sep20,2,1,0,0,0.0257,PLALA,na,na,0,0,23.13,925.2,CAPBP,MELAL,CIRVU,17.9205,6.94,48
vt,202,sep20,2,1,30,20,0.2389,STEME,CERVU,na,96.93,3877.243435,2.01,80.4,MELAL,TRFPR,na,17.9205,6.94,48
vt,203,sep20,2,1,90,76,0.3696,PLALA,na,na,165.71,6628.333568,6.11,244.4,MELAL,STEME,na,17.9205,6.94,48
vt,204,sep20,2,1,120,75,0.3685,TAROF,na,na,141.96,5678.269696,1.12,44.8,STEME,na,na,17.9205,6.94,48
vt,205,sep20,2,1,60,42,0.3178,STEME,na,na,116.3,4652.036904,4.15,166,MELAL,na,na,17.9205,6.94,48
vt,206,sep20,2,1,15,12,0.2506,STEME,CERVU,na,117.55,4701.99716,2.96,118.4,CERVU,na,na,17.9205,6.94,48
vt,301,sep20,3,1,120,89,0.4517,brassica,na,na,213.64,8545.660752,4.73,189.2,TAROF,MELAL,na,17.9205,6.94,48
vt,302,sep20,3,1,60,58,0.3531,na,na,na,149.86,5994.41164,0,0,TRFPR,na,na,17.9205,6.94,48
vt,303,sep20,3,1,90,53,0.2837,na,na,na,135.61,5424.373316,0.81,32.4,TRFPR,na,na,17.9205,6.94,48
vt,304,sep20,3,1,0,0,0.0341,PLALA,STEME,brassica,0,0,60.52,2420.8,soapwort,TAROF,na,17.9205,6.94,48
vt,305,sep20,3,1,15,23,0.2905,PLALA,na,na,146.09,5843.711852,5.8,232,MELAL,na,na,17.9205,6.94,48
vt,306,sep20,3,1,30,24,0.4,STEME,na,na,9.46,378.3056068,6.31,252.4,STEME,TAROF,na,17.9205,6.94,48
vt,401,sep20,4,1,15,19,0.3243,STEME,CERVU,na,213.85,8553.85096,11.79,471.6,STEME,TAROF,na,17.9205,6.94,48
vt,402,sep20,4,1,30,29,0.4228,STEME,na,na,180.1,7204.10504,1.61,64.4,STEME,mustard,na,17.9205,6.94,48
vt,403,sep20,4,1,90,61,0.4491,na,na,na,185.53,7421.145492,0.95,38,TRFPR,TAROF,STEME,17.9205,6.94,48
vt,404,sep20,4,1,120,63,0.5912,STEME,na,na,234.77,9390.889992,2.22,88.8,na,na,na,17.9205,6.94,48
vt,405,sep20,4,1,0,0,0.0213,brassica,na,na,0,0,35.37,1414.8,soapwort,TAROF,TRFPR,17.9205,6.94,48
vt,406,sep20,4,1,60,50,0.4858,na,na,na,243.23,9729.145492,0,0,na,na,na,17.9205,6.94,48
vt,107,sep29 ,1,1.5,60,33,0.3688,common chickweed,na,na,160.8530166,6434.120664,6.33,253.2,common chickweed,na,na,27.132,7.12,31
vt,108,sep29 ,1,1.5,30,25,0.2742,creeping charlie,dandelion,na,133.1901458,5327.605832,11.14,445.6,dandelion,creeping charlie,na,27.132,7.12,31
vt,109,sep29 ,1,1.5,0,0,0.0136,dandelion,buckhorn plantain,na,0,0,43.38,1735.2,dandelion,white campion,shepherds purse,27.132,7.12,31
vt,110,sep29 ,1,1.5,15,14,0.2317,common chickweed,dandelion,na,85.83539467,3433.415787,3.91,156.4,common chickweed,dandelion,na,27.132,7.12,31
vt,111,sep29 ,1,1.5,120,53,0.6129,common chickweed,na,na,177.9337104,7117.348416,2.71,108.4,common chickweed,quackgrass,na,27.132,7.12,31
vt,112,sep29 ,1,1.5,90,43,0.5937,common chickweed,na,na,233.8288084,9353.152336,2.98,119.2,common chickweed,na,na,27.132,7.12,31
vt,207,sep29 ,2,1.5,15,6,0.112,common chickweed,dandelion,na,45.98044243,1839.217697,3.72,148.8,common chickweed,dandelion,na,27.132,7.12,31
vt,208,sep29 ,2,1.5,0,0,0.0092,red clover,na,na,0,0,12.32,492.8,red clover,mouseear chickweed,shepherds purse,27.132,7.12,31
vt,209,sep29 ,2,1.5,120,52,0.486,common chickweed,na,na,127.4573152,5098.292608,2.82,112.8,red clover,broadleaf plantain,na,27.132,7.12,31
vt,210,sep29 ,2,1.5,60,36,0.2812,na,na,na,117.2677979,4690.711916,1.83,73.2,bull thistle,na,na,27.132,7.12,31
vt,211,sep29 ,2,1.5,90,57,0.2789,na,na,na,80.90751634,3236.300654,1.4,56,red clover,soapwort,na,27.132,7.12,31
vt,212,sep29 ,2,1.5,30,16,0.2213,na,na,na,93.15849673,3726.339869,3.29,131.6,mousear chickweed,bindweed,na,27.132,7.12,31
vt,307,sep29 ,3,1.5,0,0,0.0016,mouseear chickweed,na,na,0,0,9.03,361.2,mousear chickweed,lambsquarter,na,27.132,7.12,31
vt,308,sep29 ,3,1.5,90,53,0.2654,brassica,na,na,91.19519859,3647.807944,0.24,9.6,red clover,na,na,27.132,7.12,31
vt,309,sep29 ,3,1.5,30,19,0.1768,brassica,na,na,80.02403218,3200.961287,1.75,70,common chickweed,shepherds purse,na,27.132,7.12,31
vt,310,sep29 ,3,1.5,120,59,0.4534,common chickweed,red clover,na,180.8197587,7232.790348,0,0,shepherds purse,na,na,27.132,7.12,31
vt,311,sep29 ,3,1.5,60,44,0.3585,na,na,na,136.4688537,5458.754148,0.49,19.6,mousear chickweed,na,na,27.132,7.12,31
vt,312,sep29 ,3,1.5,15,9,0.1809,common chickweed,na,na,97.04582705,3881.833082,2.06,82.4,shepherds purse,na,na,27.132,7.12,31
vt,407,sep29 ,4,1.5,90,53,0.4109,common chickweed,na,na,143.4581951,5738.327804,1.14,45.6,dandelion,na,na,27.132,7.12,31
vt,408,sep29 ,4,1.5,30,17,0.2806,common chickweed,brassica,mouseear chickweed,134.8589492,5394.357968,4.17,166.8,common chickweed,na,na,27.132,7.12,31
vt,409,sep29 ,4,1.5,60,40,0.4134,na,na,na,139.7082956,5588.331824,0,0,na,na,na,27.132,7.12,31
vt,410,sep29 ,4,1.5,120,74,0.3446,na,na,na,144.0079186,5760.316744,0,0,red clover,common chickweed,na,27.132,7.12,31
vt,411,sep29 ,4,1.5,0,0,0.0119,buckhorn plantain,brassica,common chickweed,0,0,29.93,1197.2,mousear chickweed,shepherds purse,dandelion,27.132,7.12,31
vt,412,sep29 ,4,1.5,15,6,0.0683,na,na,na,42.23054299,1689.22172,1.46,58.4,shepherds purse,red clover,na,27.132,7.12,31
vt,113,oct7,1,2,30,12,0.0675,na,na,na,53.24,2129.756118,1.67,66.8,bindweed,na,na,27.3615,7.06,50
vt,114,oct7,1,2,0,0,0.0001,TAROF,na,na,0,0,5.84,233.6,CAPBP,CIRVU,CHEAL,27.3615,7.06,50
vt,115,oct7,1,2,120,65,0.4501,na,na,na,179.63,7185.053672,1.07,42.8,STEME,bindweed,na,27.3615,7.06,50
vt,116,oct7,1,2,60,32,0.3145,na,na,na,171.07,6842.644052,0.12,4.8,STEME,na,na,27.3615,7.06,50
vt,117,oct7,1,2,90,62,0.4176,na,na,na,153.91,6156.239588,0.81,32.4,TRFPR,na,na,27.3615,7.06,50
vt,118,oct7,1,2,15,3,0.0417,STEME,na,na,68.96,2758.2997,3.2,128,STEME,STEME,na,27.3615,7.06,50
vt,213,oct7,2,2,0,0,0.0006,STEME,na,na,0,0,11.96,478.4,STEME,TRFPR,CIRVU,27.3615,7.06,50
vt,214,oct7,2,2,30,19,0.1868,na,na,na,122.89,4915.797336,0.71,28.4,TAROF,na,na,27.3615,7.06,50
vt,215,oct7,2,2,90,67,0.4442,na,na,na,149.92,5996.924,0.7,28,na,na,na,27.3615,7.06,50
vt,216,oct7,2,2,120,64,0.3652,na,na,na,129.99,5199.553456,0.13,5.2,TRFPR,na,na,27.3615,7.06,50
vt,217,oct7,2,2,15,4,0.0387,na,na,na,55.05,2201.88407,0.51,20.4,CHEAL,bindweed,TRFPR,27.3615,7.06,50
vt,218,oct7,2,2,60,39,0.2837,na,na,na,161.14,6445.544012,0.26,10.4,STEME,na,na,27.3615,7.06,50
vt,313,oct7,3,2,90,44,0.2639,na,na,na,96.64,3865.582654,0.12,4.8,na,na,na,27.3615,7.06,50
vt,314,oct7,3,2,120,80,0.48,na,na,na,157.75,6310.006868,1.1,44,TRFPR,na,na,27.3615,7.06,50
vt,315,oct7,3,2,15,9,0.1047,na,na,na,126.54,5061.638472,0,0,TRFPR,bindweed,na,27.3615,7.06,50
vt,316,oct7,3,2,0,0,0.0001,TRFPR,na,na,0,0,2.13,85.2,TAROF,TRFPR,na,27.3615,7.06,50
vt,317,oct7,3,2,30,16,0.1621,na,na,na,90.4,3615.908974,0,0,CERVU,na,na,27.3615,7.06,50
vt,318,oct7,3,2,60,34,0.2233,na,na,na,108.39,4335.603264,0.32,12.8,bindweed,na,na,27.3615,7.06,50
vt,413,oct7,4,2,60,31,0.2697,PLALA,na,na,86.71,3468.48261,0.4,16,PLAMA,bindweed,na,27.3615,7.06,50
vt,414,oct7,4,2,120,67,0.3871,na,na,na,146.02,5840.778876,0,0,na,na,na,27.3615,7.06,50
vt,415,oct7,4,2,30,22,0.1575,na,na,na,122.42,4896.77458,0.69,27.6,STEME,TRFPR,na,27.3615,7.06,50
vt,416,oct7,4,2,90,47,0.2744,na,na,na,105.42,4216.711036,0.76,30.4,TRFPR,na,na,27.3615,7.06,50
vt,417,oct7,4,2,15,9,0.0724,TAROF,na,na,95.39,3815.647918,0,0,TRFPR,bindweed,CHEAL,27.3615,7.06,50
vt,418,oct7,4,2,0,0,0.0001,na,na,na,0,0,1.03,41.2,CAPBP,PLAMA,CIRVU,27.3615,7.06,50
vt,119,oct13,1,2.5,60,41,0.096,buckhorn plantain,na,na,77.08709677,3083.483871,0.75,30,shepherds purse,bindweed,common chickweed,12.8805,6.6,81
vt,120,oct13,1,2.5,15,10,0.0376,buckhorn plantain,na,na,45.62903226,1825.16129,5.38,215.2,common chickweed,shepherds purse,mouseear chickweed,12.8805,6.6,81
vt,121,oct13,1,2.5,0,0,0,buckhorn plantain,na,na,0,0,9.66,386.4,bull thistle,red clover,dandelion,12.8805,6.6,81
vt,122,oct13,1,2.5,30,19,0.0637,buckhorn plantain,na,na,83.39354839,3335.741936,1.44,57.6,common chickweed,na,na,12.8805,6.6,81
vt,123,oct13,1,2.5,120,84,0.2269,buckhorn plantain,na,na,117.6524194,4706.096776,2.08,83.2,common chickweed,bindweed,na,12.8805,6.6,81
vt,124,oct13,1,2.5,90,69,0.2184,buckhorn plantain,na,na,124.8306452,4993.225808,2.42,96.8,common chickweed,na,na,12.8805,6.6,81
vt,219,oct13,2,2.5,30,20,0.0539,common chickweed,na,na,65.86532258,2634.612903,0.6,24,bindweed,lambsquarters,mouseear chickweed,12.8805,6.6,81
vt,220,oct13,2,2.5,60,44,0.1294,na,na,na,102.7395161,4109.580644,0.46,18.4,common chickweed,na,na,12.8805,6.6,81
vt,221,oct13,2,2.5,120,70,0.1532,na,na,na,105.7814516,4231.258064,1.58,63.2,common chickweed,na,na,12.8805,6.6,81
vt,222,oct13,2,2.5,90,52,0.1804,na,na,na,139.725,5589,0,0,common chickweed,na,na,12.8805,6.6,81
vt,223,oct13,2,2.5,0,0,0.0035,buckhorn plantain,na,na,0,0,18.39,735.6,white campion,lambsquarters,bindweed,12.8805,6.6,81
vt,224,oct13,2,2.5,15,4,0.0182,common chickweed,red clover,na,54.73629032,2189.451613,7.47,298.8,red clover,common chickweed,lambsquarters,12.8805,6.6,81
vt,319,oct13,3,2.5,120,75,0.2792,na,na,na,150.6314516,6025.258064,0,0,bindweed,na,na,12.8805,6.6,81
vt,320,oct13,3,2.5,60,45,0.1272,brassica,na,na,93.52096774,3740.83871,0.29,11.6,bindweed,na,na,12.8805,6.6,81
vt,321,oct13,3,2.5,30,30,0.1014,red clover,na,na,92.68629032,3707.451613,3.46,138.4,red clover,bindweed,common chickweed,12.8805,6.6,81
vt,322,oct13,3,2.5,0,0,0.0009,common chickweed,na,na,0,0,6.95,278,bull thistle,bindweed,lambsquarters,12.8805,6.6,81
vt,323,oct13,3,2.5,90,61,0.1938,buckhorn plantain,na,na,85.95322581,3438.129032,2.55,102,bindweed,common chickweed,na,12.8805,6.6,81
vt,324,oct13,3,2.5,15,17,0.0587,common chickweed,buckhorn plantain,na,79.03467742,3161.387097,5.98,239.2,white clover,shepherds purse,common chickweed,12.8805,6.6,81
vt,419,oct13,4,2.5,0,0,0.4109,common chickweed,na,na,0,0,2.5,100,crabgrass,common chickweed,broadleaf plantain,12.8805,6.6,81
vt,420,oct13,4,2.5,30,29,0.2806,common chickweed,buckhorn plantain,na,82.9483871,3317.935484,2.82,112.8,common chickweed,red clover,bindweed,12.8805,6.6,81
vt,421,oct13,4,2.5,120,86,0.4134,common chickweed,na,na,108.5266129,4341.064516,2.7,108,common chickweed,na,na,12.8805,6.6,81
vt,422,oct13,4,2.5,90,62,0.3446,na,na,na,89.71854839,3588.741936,0.07,2.8,common chickweed,na,na,12.8805,6.6,81
vt,423,oct13,4,2.5,60,45,0.0119,common chickweed,na,na,67.77580645,2711.032258,0,0,lambsquarters,red clover,na,12.8805,6.6,81
vt,424,oct13,4,2.5,15,8,0.0683,na,na,na,47.725,1909,0,0,lambsquarters,dandelion,crabgrass,12.8805,6.6,81
vt,125,oct20,1,3,90,22,0.0295,na,na,na,69.22,2768.731273,2.04,81.6,STEME,TAROF,na,11.8755,6.05,51
vt,126,oct20,1,3,30,13,0.0115,STEME,na,na,64.85,2593.964379,4.4,176,STEME,CHEAL,clover,11.8755,6.05,51
vt,127,oct20,1,3,15,5,0.0011,STEME,na,na,20.26,810.2828708,11.17,446.8,STEME,CHEAL,na,11.8755,6.05,51
vt,128,oct20,1,3,60,20,0.0117,na,na,na,77.93,3117.205867,0.47,18.8,CHEAL,STEME,na,11.8755,6.05,51
vt,129,oct20,1,3,0,0,0.0001,STEME,na,na,0,0,3.74,149.6,PLAMA,CERVU,TAROF,11.8755,6.05,51
vt,130,oct20,1,3,120,43,0.0178,na,na,na,94.4,3776.024096,2.36,94.4,STEME,PLAMA,CHEAL,11.8755,6.05,51
vt,225,oct20,2,3,15,1,0.0008,STEME,na,na,12.95,517.9455212,5.36,214.4,TAROF,STEME,CHEAL,11.8755,6.05,51
vt,226,oct20,2,3,120,27,0.0215,na,na,na,63.76,2550.537454,1.84,73.6,CHEAL,STEME,na,11.8755,6.05,51
vt,227,oct20,2,3,30,11,0.0127,na,na,na,51.21,2048.479832,4.68,187.2,CHEAL,AGRRE,STEME,11.8755,6.05,51
vt,228,oct20,2,3,90,34,0.0215,TRFPR,na,na,92.97,3718.827658,1.76,70.4,TRFPR,bindweed,CHEAL,11.8755,6.05,51
vt,229,oct20,2,3,60,13,0.0116,STEME,na,na,68.21,2728.481928,2.68,107.2,STEME,CHEAL,bindweed,11.8755,6.05,51
vt,230,oct20,2,3,0,9,0.004,TAROF,na,na,0,0,24.33,973.2,AGRRE,TAROF,CHEAL,11.8755,6.05,51
vt,325,oct20,3,3,0,0,0.0003,TRFPR,na,na,0,0,16.13,645.2,TRFRE,CAPBP,STEME,11.8755,6.05,51
vt,326,oct20,3,3,15,2,0.0019,na,na,na,19.41,776.3886852,5.43,217.2,STEME,TAROF,CHEAL,11.8755,6.05,51
vt,327,oct20,3,3,60,35,0.0512,STEME,PLALA,na,127.34,5093.660556,5.74,229.6,STEME,bindweed,na,11.8755,6.05,51
vt,328,oct20,3,3,90,47,0.0578,STEME,na,na,128,5120.140388,2.24,89.6,bindweed,STEME,CHEAL,11.8755,6.05,51
vt,329,oct20,3,3,30,4,0.0074,STEME,na,na,55.82,2232.779466,17.83,713.2,STEME,CERVU,CHEAL,11.8755,6.05,51
vt,330,oct20,3,3,120,47,0.0743,STEME,na,na,135.42,5416.714512,1.83,73.2,STEME,CHEAL,na,11.8755,6.05,51
vt,425,oct20,4,3,30,2,0.0029,na,na,na,43.24,1729.662651,8.21,328.4,STEME,TAROF,bindweed,11.8755,6.05,51
vt,426,oct20,4,3,120,28,0.0366,STEME,na,na,97.58,3903.127292,2.29,91.6,TRFPR,STEME,CHEAL,11.8755,6.05,51
vt,427,oct20,4,3,60,25,0.0339,STEME,na,na,105.34,4213.470928,12.48,499.2,STEME,MELAL,na,11.8755,6.05,51
vt,428,oct20,4,3,0,0,0.0002,na,na,na,0,0,1.89,75.6,STEME,PLAMA,bindweed,11.8755,6.05,51
vt,429,oct20,4,3,90,40,0.0515,STEME,na,na,121.65,4865.933996,0.82,32.8,CHEAL,STEME,TRFPR,11.8755,6.05,51
vt,430,oct20,4,3,15,4,0.0066,STEME,na,na,51.5,2060.130959,12.88,515.2,STEME,CHEAL,PLAMA,11.8755,6.05,51